Nom_Categorie_Parent,Nom_Sous_Categorie,Nom_Sous_Sous_Categorie,Lien_Sous_Sous_Categorie
Electroportatif,Autre outil electroportatif,Autre outil electroportatif,https://www.centrale-brico.com/electroportatif/autre-outil-electroportatif
Electroportatif,Autre outil electroportatif,Autre outil electroportatif,https://www.centrale-brico.com/electroportatif/autre-outil-electroportatif
Electroportatif,Equipement stationnaire,Equipement stationnaire,https://www.centrale-brico.com/electroportatif/equipement-stationnaire
Electroportatif,Equipement stationnaire,Equipement stationnaire,https://www.centrale-brico.com/electroportatif/equipement-stationnaire
Electroportatif,Maxicraft-Dremel,Maxicraft-Dremel,https://www.centrale-brico.com/electroportatif/maxicraft-dremel
Electroportatif,Maxicraft-Dremel,Maxicraft-Dremel,https://www.centrale-brico.com/electroportatif/maxicraft-dremel
Electroportatif,Perceuse-Visseuse,Perceuse-Visseuse,https://www.centrale-brico.com/electroportatif/perceuse-visseuse
Electroportatif,Perceuse-Visseuse,Perceuse-Visseuse,https://www.centrale-brico.com/electroportatif/perceuse-visseuse
Electroportatif,Ponceuse-Meuleuse-Scie,Ponceuse-Meuleuse-Scie,https://www.centrale-brico.com/electroportatif/ponceuse-meuleuse-scie
Electroportatif,Ponceuse-Meuleuse-Scie,Ponceuse-Meuleuse-Scie,https://www.centrale-brico.com/electroportatif/ponceuse-meuleuse-scie
Electroportatif,Soudure,Soudure,https://www.centrale-brico.com/electroportatif/soudure
Electroportatif,Soudure,Soudure,https://www.centrale-brico.com/electroportatif/soudure
Chauffage - Traitement de l'air,Poele a bois - Poele a granules,Poele a bois - Poele a granules,https://www.centrale-brico.com/chauffage---traitement-de-l-air/poele-a-bois---poele-a-granules
Chauffage - Traitement de l'air,Poele a bois - Poele a granules,Poele a bois - Poele a granules,https://www.centrale-brico.com/chauffage---traitement-de-l-air/poele-a-bois---poele-a-granules
Chauffage - Traitement de l'air,Radiateur Electrique,Radiateur Electrique,https://www.centrale-brico.com/chauffage---traitement-de-l-air/radiateur-electrique
Chauffage - Traitement de l'air,Radiateur Electrique,Radiateur Electrique,https://www.centrale-brico.com/chauffage---traitement-de-l-air/radiateur-electrique
Chauffage - Traitement de l'air,Cheminee - Insert,Cheminee - Insert,https://www.centrale-brico.com/chauffage---traitement-de-l-air/cheminee---insert
Chauffage - Traitement de l'air,Cheminee - Insert,Cheminee - Insert,https://www.centrale-brico.com/chauffage---traitement-de-l-air/cheminee---insert
Chauffage - Traitement de l'air,Poele a petrole,Poele a petrole,https://www.centrale-brico.com/chauffage---traitement-de-l-air/poele-a-petrole
Chauffage - Traitement de l'air,Poele a petrole,Poele a petrole,https://www.centrale-brico.com/chauffage---traitement-de-l-air/poele-a-petrole
Chauffage - Traitement de l'air,Chauffe-eau,Chauffe-eau,https://www.centrale-brico.com/chauffage---traitement-de-l-air/chauffe-eau
Chauffage - Traitement de l'air,Chauffe-eau,Chauffe-eau,https://www.centrale-brico.com/chauffage---traitement-de-l-air/chauffe-eau
Chauffage - Traitement de l'air,VMC - extracteur d'air,VMC - extracteur d'air,https://www.centrale-brico.com/chauffage---traitement-de-l-air/vmc---extracteur-d-air
Chauffage - Traitement de l'air,VMC - extracteur d'air,VMC - extracteur d'air,https://www.centrale-brico.com/chauffage---traitement-de-l-air/vmc---extracteur-d-air
Chauffage - Traitement de l'air,Fumisterie - Tubage,Fumisterie - Tubage,https://www.centrale-brico.com/chauffage---traitement-de-l-air/fumisterie---tubage
Chauffage - Traitement de l'air,Fumisterie - Tubage,Fumisterie - Tubage,https://www.centrale-brico.com/chauffage---traitement-de-l-air/fumisterie---tubage
Chauffage - Traitement de l'air,Climatiseur - ventilateur,Climatiseur - ventilateur,https://www.centrale-brico.com/chauffage---traitement-de-l-air/climatiseur---ventilateur
Chauffage - Traitement de l'air,Climatiseur - ventilateur,Climatiseur - ventilateur,https://www.centrale-brico.com/chauffage---traitement-de-l-air/climatiseur---ventilateur
Chauffage - Traitement de l'air,Accessoires de Cheminee,Accessoires de Cheminee,https://www.centrale-brico.com/chauffage---traitement-de-l-air/accessoires-de-cheminee
Chauffage - Traitement de l'air,Accessoires de Cheminee,Accessoires de Cheminee,https://www.centrale-brico.com/chauffage---traitement-de-l-air/accessoires-de-cheminee
Chauffage - Traitement de l'air,Chauffage au sol,Chauffage au sol,https://www.centrale-brico.com/chauffage---traitement-de-l-air/chauffage-au-sol
Chauffage - Traitement de l'air,Chauffage au sol,Chauffage au sol,https://www.centrale-brico.com/chauffage---traitement-de-l-air/chauffage-au-sol
Electricite,Branchement,Branchement,https://www.centrale-brico.com/electricite/branchement
Electricite,Branchement,Branchement,https://www.centrale-brico.com/electricite/branchement
Electricite,Eclairage,Eclairage,https://www.centrale-brico.com/electricite/eclairage
Electricite,Eclairage,Eclairage,https://www.centrale-brico.com/electricite/eclairage
Electricite,Installation,Installation,https://www.centrale-brico.com/electricite/installation
Electricite,Installation,Installation,https://www.centrale-brico.com/electricite/installation
Electricite,Multimedia,Multimedia,https://www.centrale-brico.com/electricite/multimedia
Electricite,Multimedia,Multimedia,https://www.centrale-brico.com/electricite/multimedia
Electricite,Protection,Protection,https://www.centrale-brico.com/electricite/protection
Electricite,Protection,Protection,https://www.centrale-brico.com/electricite/protection
Quincaillerie,Ameublement,Ameublement,https://www.centrale-brico.com/quincaillerie/ameublement
Quincaillerie,Ameublement,Ameublement,https://www.centrale-brico.com/quincaillerie/ameublement
Quincaillerie,Armoire-Penderie,Armoire-Penderie,https://www.centrale-brico.com/quincaillerie/armoire-penderie
Quincaillerie,Armoire-Penderie,Armoire-Penderie,https://www.centrale-brico.com/quincaillerie/armoire-penderie
Quincaillerie,Batiment,Batiment,https://www.centrale-brico.com/quincaillerie/batiment
Quincaillerie,Batiment,Batiment,https://www.centrale-brico.com/quincaillerie/batiment
Quincaillerie,Fixation,Fixation,https://www.centrale-brico.com/quincaillerie/fixation
Quincaillerie,Fixation,Fixation,https://www.centrale-brico.com/quincaillerie/fixation
Quincaillerie,Meuble-Rangement,Meuble-Rangement,https://www.centrale-brico.com/quincaillerie/meuble-rangement
Quincaillerie,Meuble-Rangement,Meuble-Rangement,https://www.centrale-brico.com/quincaillerie/meuble-rangement
Quincaillerie,Porte-Fenetre,Porte-Fenetre,https://www.centrale-brico.com/quincaillerie/porte-fenetre
Quincaillerie,Porte-Fenetre,Porte-Fenetre,https://www.centrale-brico.com/quincaillerie/porte-fenetre
Quincaillerie,Serrurerie,Serrurerie,https://www.centrale-brico.com/quincaillerie/serrurerie
Quincaillerie,Serrurerie,Serrurerie,https://www.centrale-brico.com/quincaillerie/serrurerie
Atelier-Chantier,Chariot-Levage-Serrage,Chariot-Levage-Serrage,https://www.centrale-brico.com/atelier-chantier/chariot-levage-serrage
Atelier-Chantier,Chariot-Levage-Serrage,Chariot-Levage-Serrage,https://www.centrale-brico.com/atelier-chantier/chariot-levage-serrage
Atelier-Chantier,Droguerie,Droguerie,https://www.centrale-brico.com/atelier-chantier/droguerie
Atelier-Chantier,Droguerie,Droguerie,https://www.centrale-brico.com/atelier-chantier/droguerie
Atelier-Chantier,Equipement d'atelier,Equipement d'atelier,https://www.centrale-brico.com/atelier-chantier/equipement-d-atelier
Atelier-Chantier,Equipement d'atelier,Equipement d'atelier,https://www.centrale-brico.com/atelier-chantier/equipement-d-atelier
Atelier-Chantier,Metrologie-Tracage,Metrologie-Tracage,https://www.centrale-brico.com/atelier-chantier/metrologie-tracage
Atelier-Chantier,Metrologie-Tracage,Metrologie-Tracage,https://www.centrale-brico.com/atelier-chantier/metrologie-tracage
Atelier-Chantier,Protection des personnes,Protection des personnes,https://www.centrale-brico.com/atelier-chantier/protection-des-personnes
Atelier-Chantier,Protection des personnes,Protection des personnes,https://www.centrale-brico.com/atelier-chantier/protection-des-personnes
Atelier-Chantier,Rangement,Rangement,https://www.centrale-brico.com/atelier-chantier/rangement
Atelier-Chantier,Rangement,Rangement,https://www.centrale-brico.com/atelier-chantier/rangement
Atelier-Chantier,Travail en hauteur,Travail en hauteur,https://www.centrale-brico.com/atelier-chantier/travail-en-hauteur
Atelier-Chantier,Travail en hauteur,Travail en hauteur,https://www.centrale-brico.com/atelier-chantier/travail-en-hauteur
Outillage,Automobile,Automobile,https://www.centrale-brico.com/outillage/automobile
Outillage,Automobile,Automobile,https://www.centrale-brico.com/outillage/automobile
Outillage,Brosserie-Abrasif,Brosserie-Abrasif,https://www.centrale-brico.com/outillage/brosserie-abrasif
Outillage,Brosserie-Abrasif,Brosserie-Abrasif,https://www.centrale-brico.com/outillage/brosserie-abrasif
Outillage,Coupe,Coupe,https://www.centrale-brico.com/outillage/coupe
Outillage,Coupe,Coupe,https://www.centrale-brico.com/outillage/coupe
Outillage,Frappe,Frappe,https://www.centrale-brico.com/outillage/frappe
Outillage,Frappe,Frappe,https://www.centrale-brico.com/outillage/frappe
Outillage,Outils Batiment,Outils Batiment,https://www.centrale-brico.com/outillage/outils-batiment
Outillage,Outils Batiment,Outils Batiment,https://www.centrale-brico.com/outillage/outils-batiment
Outillage,Outils a bois,Outils a bois,https://www.centrale-brico.com/outillage/outils-a-bois
Outillage,Outils a bois,Outils a bois,https://www.centrale-brico.com/outillage/outils-a-bois
Outillage,Percage-Fraisage,Percage-Fraisage,https://www.centrale-brico.com/outillage/percage-fraisage
Outillage,Percage-Fraisage,Percage-Fraisage,https://www.centrale-brico.com/outillage/percage-fraisage
Outillage,Pince-Tenaille,Pince-Tenaille,https://www.centrale-brico.com/outillage/pince-tenaille
Outillage,Pince-Tenaille,Pince-Tenaille,https://www.centrale-brico.com/outillage/pince-tenaille
Outillage,Plomberie,Plomberie,https://www.centrale-brico.com/outillage/plomberie
Outillage,Plomberie,Plomberie,https://www.centrale-brico.com/outillage/plomberie
Outillage,Sciage,Sciage,https://www.centrale-brico.com/outillage/sciage
Outillage,Sciage,Sciage,https://www.centrale-brico.com/outillage/sciage
Outillage,Vissage,Vissage,https://www.centrale-brico.com/outillage/vissage
Outillage,Vissage,Vissage,https://www.centrale-brico.com/outillage/vissage
Habitat,Bazar,Bazar,https://www.centrale-brico.com/habitat/bazar
Habitat,Bazar,Bazar,https://www.centrale-brico.com/habitat/bazar
Habitat,Cuisine,Cuisine,https://www.centrale-brico.com/habitat/cuisine
Habitat,Cuisine,Cuisine,https://www.centrale-brico.com/habitat/cuisine
Habitat,Loisir creatif,Loisir creatif,https://www.centrale-brico.com/habitat/loisir-creatif
Habitat,Loisir creatif,Loisir creatif,https://www.centrale-brico.com/habitat/loisir-creatif
Habitat,Peinture,Peinture,https://www.centrale-brico.com/habitat/peinture
Habitat,Peinture,Peinture,https://www.centrale-brico.com/habitat/peinture
Domotique-Securite,Automatisme,Automatisme,https://www.centrale-brico.com/domotique-securite/automatisme
Domotique-Securite,Automatisme,Automatisme,https://www.centrale-brico.com/domotique-securite/automatisme
Domotique-Securite,Protection incendie,Protection incendie,https://www.centrale-brico.com/domotique-securite/protection-incendie
Domotique-Securite,Protection incendie,Protection incendie,https://www.centrale-brico.com/domotique-securite/protection-incendie
Domotique-Securite,Securite domicile,Securite domicile,https://www.centrale-brico.com/domotique-securite/securite-domicile
Domotique-Securite,Securite domicile,Securite domicile,https://www.centrale-brico.com/domotique-securite/securite-domicile
Plomberie-Sanitaire,Accessoires Robinetterie,Accessoires Robinetterie,https://www.centrale-brico.com/plomberie-sanitaire/accessoires-robinetterie
Plomberie-Sanitaire,Accessoires Robinetterie,Accessoires Robinetterie,https://www.centrale-brico.com/plomberie-sanitaire/accessoires-robinetterie
Plomberie-Sanitaire,Robinet pour Cuisine,Robinet pour Cuisine,https://www.centrale-brico.com/plomberie-sanitaire/robinet-pour-cuisine
Plomberie-Sanitaire,Robinet pour Cuisine,Robinet pour Cuisine,https://www.centrale-brico.com/plomberie-sanitaire/robinet-pour-cuisine
Plomberie-Sanitaire,Raccord Cuivre Laiton,Raccord Cuivre Laiton,https://www.centrale-brico.com/plomberie-sanitaire/raccord-cuivre-laiton
Plomberie-Sanitaire,Raccord Cuivre Laiton,Raccord Cuivre Laiton,https://www.centrale-brico.com/plomberie-sanitaire/raccord-cuivre-laiton
Plomberie-Sanitaire,Raccord PVC,Raccord PVC,https://www.centrale-brico.com/plomberie-sanitaire/raccord-pvc
Plomberie-Sanitaire,Raccord PVC,Raccord PVC,https://www.centrale-brico.com/plomberie-sanitaire/raccord-pvc
Plomberie-Sanitaire,Salle de Bain,Salle de Bain,https://www.centrale-brico.com/plomberie-sanitaire/salle-de-bain
Plomberie-Sanitaire,Salle de Bain,Salle de Bain,https://www.centrale-brico.com/plomberie-sanitaire/salle-de-bain
Plomberie-Sanitaire,Traitement eau et gaz,Traitement eau et gaz,https://www.centrale-brico.com/plomberie-sanitaire/traitement-eau-et-gaz
Plomberie-Sanitaire,Traitement eau et gaz,Traitement eau et gaz,https://www.centrale-brico.com/plomberie-sanitaire/traitement-eau-et-gaz
Plomberie-Sanitaire,Vidage,Vidage,https://www.centrale-brico.com/plomberie-sanitaire/vidage
Plomberie-Sanitaire,Vidage,Vidage,https://www.centrale-brico.com/plomberie-sanitaire/vidage
Plomberie-Sanitaire,WC,WC,https://www.centrale-brico.com/plomberie-sanitaire/wc
Plomberie-Sanitaire,WC,WC,https://www.centrale-brico.com/plomberie-sanitaire/wc
Bonnes affaires,Produits reconditionnes,Produits reconditionnes,https://www.centrale-brico.com/bonnes-affaires/produits-reconditionnes
Bonnes affaires,Produits reconditionnes,Produits reconditionnes,https://www.centrale-brico.com/bonnes-affaires/produits-reconditionnes
Bonnes affaires,Destockage,Destockage,https://www.centrale-brico.com/bonnes-affaires/destockage
Bonnes affaires,Destockage,Destockage,https://www.centrale-brico.com/bonnes-affaires/destockage
Jardin,Autre outil electroportatif,Autre outil electroportatif,https://www.centrale-brico.com/electroportatif/autre-outil-electroportatif
Jardin,Autre outil electroportatif,Autre outil electroportatif,https://www.centrale-brico.com/electroportatif/autre-outil-electroportatif
Jardin,Equipement stationnaire,Equipement stationnaire,https://www.centrale-brico.com/electroportatif/equipement-stationnaire
Jardin,Equipement stationnaire,Equipement stationnaire,https://www.centrale-brico.com/electroportatif/equipement-stationnaire
Jardin,Maxicraft-Dremel,Maxicraft-Dremel,https://www.centrale-brico.com/electroportatif/maxicraft-dremel
Jardin,Maxicraft-Dremel,Maxicraft-Dremel,https://www.centrale-brico.com/electroportatif/maxicraft-dremel
Jardin,Perceuse-Visseuse,Perceuse-Visseuse,https://www.centrale-brico.com/electroportatif/perceuse-visseuse
Jardin,Perceuse-Visseuse,Perceuse-Visseuse,https://www.centrale-brico.com/electroportatif/perceuse-visseuse
Jardin,Ponceuse-Meuleuse-Scie,Ponceuse-Meuleuse-Scie,https://www.centrale-brico.com/electroportatif/ponceuse-meuleuse-scie
Jardin,Ponceuse-Meuleuse-Scie,Ponceuse-Meuleuse-Scie,https://www.centrale-brico.com/electroportatif/ponceuse-meuleuse-scie
Jardin,Soudure,Soudure,https://www.centrale-brico.com/electroportatif/soudure
Jardin,Soudure,Soudure,https://www.centrale-brico.com/electroportatif/soudure
Jardin,Automobile,Automobile,https://www.centrale-brico.com/outillage/automobile
Jardin,Automobile,Automobile,https://www.centrale-brico.com/outillage/automobile
Jardin,Brosserie-Abrasif,Brosserie-Abrasif,https://www.centrale-brico.com/outillage/brosserie-abrasif
Jardin,Brosserie-Abrasif,Brosserie-Abrasif,https://www.centrale-brico.com/outillage/brosserie-abrasif
Jardin,Coupe,Coupe,https://www.centrale-brico.com/outillage/coupe
Jardin,Coupe,Coupe,https://www.centrale-brico.com/outillage/coupe
Jardin,Frappe,Frappe,https://www.centrale-brico.com/outillage/frappe
Jardin,Frappe,Frappe,https://www.centrale-brico.com/outillage/frappe
Jardin,Outils Batiment,Outils Batiment,https://www.centrale-brico.com/outillage/outils-batiment
Jardin,Outils Batiment,Outils Batiment,https://www.centrale-brico.com/outillage/outils-batiment
Jardin,Outils a bois,Outils a bois,https://www.centrale-brico.com/outillage/outils-a-bois
Jardin,Outils a bois,Outils a bois,https://www.centrale-brico.com/outillage/outils-a-bois
Jardin,Percage-Fraisage,Percage-Fraisage,https://www.centrale-brico.com/outillage/percage-fraisage
Jardin,Percage-Fraisage,Percage-Fraisage,https://www.centrale-brico.com/outillage/percage-fraisage
Jardin,Pince-Tenaille,Pince-Tenaille,https://www.centrale-brico.com/outillage/pince-tenaille
Jardin,Pince-Tenaille,Pince-Tenaille,https://www.centrale-brico.com/outillage/pince-tenaille
Jardin,Plomberie,Plomberie,https://www.centrale-brico.com/outillage/plomberie
Jardin,Plomberie,Plomberie,https://www.centrale-brico.com/outillage/plomberie
Jardin,Sciage,Sciage,https://www.centrale-brico.com/outillage/sciage
Jardin,Sciage,Sciage,https://www.centrale-brico.com/outillage/sciage
Jardin,Vissage,Vissage,https://www.centrale-brico.com/outillage/vissage
Jardin,Vissage,Vissage,https://www.centrale-brico.com/outillage/vissage
Jardin,Chariot-Levage-Serrage,Chariot-Levage-Serrage,https://www.centrale-brico.com/atelier-chantier/chariot-levage-serrage
Jardin,Chariot-Levage-Serrage,Chariot-Levage-Serrage,https://www.centrale-brico.com/atelier-chantier/chariot-levage-serrage
Jardin,Droguerie,Droguerie,https://www.centrale-brico.com/atelier-chantier/droguerie
Jardin,Droguerie,Droguerie,https://www.centrale-brico.com/atelier-chantier/droguerie
Jardin,Equipement d'atelier,Equipement d'atelier,https://www.centrale-brico.com/atelier-chantier/equipement-d-atelier
Jardin,Equipement d'atelier,Equipement d'atelier,https://www.centrale-brico.com/atelier-chantier/equipement-d-atelier
Jardin,Metrologie-Tracage,Metrologie-Tracage,https://www.centrale-brico.com/atelier-chantier/metrologie-tracage
Jardin,Metrologie-Tracage,Metrologie-Tracage,https://www.centrale-brico.com/atelier-chantier/metrologie-tracage
Jardin,Protection des personnes,Protection des personnes,https://www.centrale-brico.com/atelier-chantier/protection-des-personnes
Jardin,Protection des personnes,Protection des personnes,https://www.centrale-brico.com/atelier-chantier/protection-des-personnes
Jardin,Rangement,Rangement,https://www.centrale-brico.com/atelier-chantier/rangement
Jardin,Rangement,Rangement,https://www.centrale-brico.com/atelier-chantier/rangement
Jardin,Travail en hauteur,Travail en hauteur,https://www.centrale-brico.com/atelier-chantier/travail-en-hauteur
Jardin,Travail en hauteur,Travail en hauteur,https://www.centrale-brico.com/atelier-chantier/travail-en-hauteur
Jardin,Ameublement,Ameublement,https://www.centrale-brico.com/quincaillerie/ameublement
Jardin,Ameublement,Ameublement,https://www.centrale-brico.com/quincaillerie/ameublement
Jardin,Armoire-Penderie,Armoire-Penderie,https://www.centrale-brico.com/quincaillerie/armoire-penderie
Jardin,Armoire-Penderie,Armoire-Penderie,https://www.centrale-brico.com/quincaillerie/armoire-penderie
Jardin,Batiment,Batiment,https://www.centrale-brico.com/quincaillerie/batiment
Jardin,Batiment,Batiment,https://www.centrale-brico.com/quincaillerie/batiment
Jardin,Fixation,Fixation,https://www.centrale-brico.com/quincaillerie/fixation
Jardin,Fixation,Fixation,https://www.centrale-brico.com/quincaillerie/fixation
Jardin,Meuble-Rangement,Meuble-Rangement,https://www.centrale-brico.com/quincaillerie/meuble-rangement
Jardin,Meuble-Rangement,Meuble-Rangement,https://www.centrale-brico.com/quincaillerie/meuble-rangement
Jardin,Porte-Fenetre,Porte-Fenetre,https://www.centrale-brico.com/quincaillerie/porte-fenetre
Jardin,Porte-Fenetre,Porte-Fenetre,https://www.centrale-brico.com/quincaillerie/porte-fenetre
Jardin,Serrurerie,Serrurerie,https://www.centrale-brico.com/quincaillerie/serrurerie
Jardin,Serrurerie,Serrurerie,https://www.centrale-brico.com/quincaillerie/serrurerie
Jardin,Branchement,Branchement,https://www.centrale-brico.com/electricite/branchement
Jardin,Branchement,Branchement,https://www.centrale-brico.com/electricite/branchement
Jardin,Eclairage,Eclairage,https://www.centrale-brico.com/electricite/eclairage
Jardin,Eclairage,Eclairage,https://www.centrale-brico.com/electricite/eclairage
Jardin,Installation,Installation,https://www.centrale-brico.com/electricite/installation
Jardin,Installation,Installation,https://www.centrale-brico.com/electricite/installation
Jardin,Multimedia,Multimedia,https://www.centrale-brico.com/electricite/multimedia
Jardin,Multimedia,Multimedia,https://www.centrale-brico.com/electricite/multimedia
Jardin,Protection,Protection,https://www.centrale-brico.com/electricite/protection
Jardin,Protection,Protection,https://www.centrale-brico.com/electricite/protection
Jardin,Poele a bois - Poele a granules,Poele a bois - Poele a granules,https://www.centrale-brico.com/chauffage---traitement-de-l-air/poele-a-bois---poele-a-granules
Jardin,Poele a bois - Poele a granules,Poele a bois - Poele a granules,https://www.centrale-brico.com/chauffage---traitement-de-l-air/poele-a-bois---poele-a-granules
Jardin,Radiateur Electrique,Radiateur Electrique,https://www.centrale-brico.com/chauffage---traitement-de-l-air/radiateur-electrique
Jardin,Radiateur Electrique,Radiateur Electrique,https://www.centrale-brico.com/chauffage---traitement-de-l-air/radiateur-electrique
Jardin,Cheminee - Insert,Cheminee - Insert,https://www.centrale-brico.com/chauffage---traitement-de-l-air/cheminee---insert
Jardin,Cheminee - Insert,Cheminee - Insert,https://www.centrale-brico.com/chauffage---traitement-de-l-air/cheminee---insert
Jardin,Poele a petrole,Poele a petrole,https://www.centrale-brico.com/chauffage---traitement-de-l-air/poele-a-petrole
Jardin,Poele a petrole,Poele a petrole,https://www.centrale-brico.com/chauffage---traitement-de-l-air/poele-a-petrole
Jardin,Chauffe-eau,Chauffe-eau,https://www.centrale-brico.com/chauffage---traitement-de-l-air/chauffe-eau
Jardin,Chauffe-eau,Chauffe-eau,https://www.centrale-brico.com/chauffage---traitement-de-l-air/chauffe-eau
Jardin,VMC - extracteur d'air,VMC - extracteur d'air,https://www.centrale-brico.com/chauffage---traitement-de-l-air/vmc---extracteur-d-air
Jardin,VMC - extracteur d'air,VMC - extracteur d'air,https://www.centrale-brico.com/chauffage---traitement-de-l-air/vmc---extracteur-d-air
Jardin,Fumisterie - Tubage,Fumisterie - Tubage,https://www.centrale-brico.com/chauffage---traitement-de-l-air/fumisterie---tubage
Jardin,Fumisterie - Tubage,Fumisterie - Tubage,https://www.centrale-brico.com/chauffage---traitement-de-l-air/fumisterie---tubage
Jardin,Climatiseur - ventilateur,Climatiseur - ventilateur,https://www.centrale-brico.com/chauffage---traitement-de-l-air/climatiseur---ventilateur
Jardin,Climatiseur - ventilateur,Climatiseur - ventilateur,https://www.centrale-brico.com/chauffage---traitement-de-l-air/climatiseur---ventilateur
Jardin,Accessoires de Cheminee,Accessoires de Cheminee,https://www.centrale-brico.com/chauffage---traitement-de-l-air/accessoires-de-cheminee
Jardin,Accessoires de Cheminee,Accessoires de Cheminee,https://www.centrale-brico.com/chauffage---traitement-de-l-air/accessoires-de-cheminee
Jardin,Chauffage au sol,Chauffage au sol,https://www.centrale-brico.com/chauffage---traitement-de-l-air/chauffage-au-sol
Jardin,Chauffage au sol,Chauffage au sol,https://www.centrale-brico.com/chauffage---traitement-de-l-air/chauffage-au-sol
Jardin,Accessoires Robinetterie,Accessoires Robinetterie,https://www.centrale-brico.com/plomberie-sanitaire/accessoires-robinetterie
Jardin,Accessoires Robinetterie,Accessoires Robinetterie,https://www.centrale-brico.com/plomberie-sanitaire/accessoires-robinetterie
Jardin,Robinet pour Cuisine,Robinet pour Cuisine,https://www.centrale-brico.com/plomberie-sanitaire/robinet-pour-cuisine
Jardin,Robinet pour Cuisine,Robinet pour Cuisine,https://www.centrale-brico.com/plomberie-sanitaire/robinet-pour-cuisine
Jardin,Raccord Cuivre Laiton,Raccord Cuivre Laiton,https://www.centrale-brico.com/plomberie-sanitaire/raccord-cuivre-laiton
Jardin,Raccord Cuivre Laiton,Raccord Cuivre Laiton,https://www.centrale-brico.com/plomberie-sanitaire/raccord-cuivre-laiton
Jardin,Raccord PVC,Raccord PVC,https://www.centrale-brico.com/plomberie-sanitaire/raccord-pvc
Jardin,Raccord PVC,Raccord PVC,https://www.centrale-brico.com/plomberie-sanitaire/raccord-pvc
Jardin,Salle de Bain,Salle de Bain,https://www.centrale-brico.com/plomberie-sanitaire/salle-de-bain
Jardin,Salle de Bain,Salle de Bain,https://www.centrale-brico.com/plomberie-sanitaire/salle-de-bain
Jardin,Traitement eau et gaz,Traitement eau et gaz,https://www.centrale-brico.com/plomberie-sanitaire/traitement-eau-et-gaz
Jardin,Traitement eau et gaz,Traitement eau et gaz,https://www.centrale-brico.com/plomberie-sanitaire/traitement-eau-et-gaz
Jardin,Vidage,Vidage,https://www.centrale-brico.com/plomberie-sanitaire/vidage
Jardin,Vidage,Vidage,https://www.centrale-brico.com/plomberie-sanitaire/vidage
Jardin,WC,WC,https://www.centrale-brico.com/plomberie-sanitaire/wc
Jardin,WC,WC,https://www.centrale-brico.com/plomberie-sanitaire/wc
Jardin,Automatisme,Automatisme,https://www.centrale-brico.com/domotique-securite/automatisme
Jardin,Automatisme,Automatisme,https://www.centrale-brico.com/domotique-securite/automatisme
Jardin,Protection incendie,Protection incendie,https://www.centrale-brico.com/domotique-securite/protection-incendie
Jardin,Protection incendie,Protection incendie,https://www.centrale-brico.com/domotique-securite/protection-incendie
Jardin,Securite domicile,Securite domicile,https://www.centrale-brico.com/domotique-securite/securite-domicile
Jardin,Securite domicile,Securite domicile,https://www.centrale-brico.com/domotique-securite/securite-domicile
Jardin,Bazar,Bazar,https://www.centrale-brico.com/habitat/bazar
Jardin,Bazar,Bazar,https://www.centrale-brico.com/habitat/bazar
Jardin,Cuisine,Cuisine,https://www.centrale-brico.com/habitat/cuisine
Jardin,Cuisine,Cuisine,https://www.centrale-brico.com/habitat/cuisine
Jardin,Loisir creatif,Loisir creatif,https://www.centrale-brico.com/habitat/loisir-creatif
Jardin,Loisir creatif,Loisir creatif,https://www.centrale-brico.com/habitat/loisir-creatif
Jardin,Peinture,Peinture,https://www.centrale-brico.com/habitat/peinture
Jardin,Peinture,Peinture,https://www.centrale-brico.com/habitat/peinture
Jardin,Arrosage-Pompage,Arrosage-Pompage,https://www.centrale-brico.com/jardin/arrosage-pompage
Jardin,Outils a main,Outils a main,https://www.centrale-brico.com/jardin/outils-a-main
Jardin,Outils motorises,Outils motorises,https://www.centrale-brico.com/jardin/outils-motorises
Jardin,Serres-Abris-Garages,Serres-Abris-Garages,https://www.centrale-brico.com/jardin/serres-abris-garages
Jardin,Mobilier et Loisirs,Mobilier et Loisirs,https://www.centrale-brico.com/jardin/mobilier-et-loisirs
Jardin,Piscines,Piscines,https://www.centrale-brico.com/jardin/piscines
Jardin,"Pot, decoration et occultation","Pot, decoration et occultation",https://www.centrale-brico.com/jardin/pot-decoration-et-occultation
Jardin,Jardinage-cultures,Jardinage-cultures,https://www.centrale-brico.com/jardin/jardinage-cultures
Jardin,"Barbecue, plancha et cuisine d'exterieur","Barbecue, plancha et cuisine d'exterieur",https://www.centrale-brico.com/jardin/barbecue-plancha-et-cuisine-d-exterieur
Jardin,Produits reconditionnes,Produits reconditionnes,https://www.centrale-brico.com/bonnes-affaires/produits-reconditionnes
Jardin,Produits reconditionnes,Produits reconditionnes,https://www.centrale-brico.com/bonnes-affaires/produits-reconditionnes
Jardin,Destockage,Destockage,https://www.centrale-brico.com/bonnes-affaires/destockage
Jardin,Destockage,Destockage,https://www.centrale-brico.com/bonnes-affaires/destockage
