identifiant,nom_categorie,type_cat,url,id_parent
ui-id-6,Bricolage,CAT,https://www.lamaison.fr/bricolage.html,
ui-id-17,Outillage,S_CAT,https://www.lamaison.fr/bricolage/outillage.html,ui-id-6
ui-id-27,Outil électroportatif,PAGE_LIST,https://www.lamaison.fr/bricolage/outillage/outil-electroportatif.html,ui-id-17
ui-id-28,Outillage à main,PAGE_LIST,https://www.lamaison.fr/bricolage/outillage/outillage-a-main.html,ui-id-17
ui-id-29,Machine d'atelier,PAGE_LIST,https://www.lamaison.fr/bricolage/outillage/machine-d-atelier.html,ui-id-17
ui-id-30,Matériel de chantier,PAGE_LIST,https://www.lamaison.fr/bricolage/outillage/materiel-de-chantier.html,ui-id-17
ui-id-31,Matériel de nettoyage,PAGE_LIST,https://www.lamaison.fr/bricolage/outillage/materiel-de-nettoyage.html,ui-id-17
ui-id-18,Echelle et brouette,S_CAT,https://www.lamaison.fr/bricolage/echelle-et-brouette.html,ui-id-6
ui-id-32,Echelle,PAGE_LIST,https://www.lamaison.fr/bricolage/echelle-et-brouette/echelle.html,ui-id-18
ui-id-33,Escabeau,PAGE_LIST,https://www.lamaison.fr/bricolage/echelle-et-brouette/escabeau.html,ui-id-18
ui-id-34,Echafaudage,PAGE_LIST,https://www.lamaison.fr/bricolage/echelle-et-brouette/echafaudage.html,ui-id-18
ui-id-35,Brouette,PAGE_LIST,https://www.lamaison.fr/bricolage/echelle-et-brouette/brouette.html,ui-id-18
ui-id-36,"Diable, chariot de manutention",PAGE_LIST,https://www.lamaison.fr/bricolage/echelle-et-brouette/diable-chariot-de-manutention.html,ui-id-18
ui-id-19,"Electricité, Domotique et Sécurité",S_CAT,https://www.lamaison.fr/bricolage/electricite-domotique-et-securite.html,ui-id-6
ui-id-37,Eclairage,PAGE_LIST,https://www.lamaison.fr/bricolage/electricite-domotique-et-securite/eclairage.html,ui-id-19
ui-id-38,"Énergie solaire, photovoltaïque",PAGE_LIST,https://www.lamaison.fr/bricolage/electricite-domotique-et-securite/energie-solaire-photovoltaique.html,ui-id-19
ui-id-39,"Pile, ampoule",PAGE_LIST,https://www.lamaison.fr/bricolage/electricite-domotique-et-securite/pile-ampoule.html,ui-id-19
ui-id-40,"Multiprise, enrouleur, rallonge",PAGE_LIST,https://www.lamaison.fr/bricolage/electricite-domotique-et-securite/multiprise-enrouleur-rallonge.html,ui-id-19
ui-id-41,"Douille, fiche",PAGE_LIST,https://www.lamaison.fr/bricolage/electricite-domotique-et-securite/douille-fiche.html,ui-id-19
ui-id-42,"Câble, gaine, moulure",PAGE_LIST,https://www.lamaison.fr/bricolage/electricite-domotique-et-securite/cable-gaine-moulure.html,ui-id-19
ui-id-43,"Appareillage, boîte",PAGE_LIST,https://www.lamaison.fr/bricolage/electricite-domotique-et-securite/appareillage-boite.html,ui-id-19
ui-id-44,Accessoire électrique,PAGE_LIST,https://www.lamaison.fr/bricolage/electricite-domotique-et-securite/accessoire-electrique.html,ui-id-19
ui-id-45,Outil de l'électricien,PAGE_LIST,https://www.lamaison.fr/bricolage/electricite-domotique-et-securite/outil-de-l-electricien.html,ui-id-19
ui-id-46,"Caméra, alarme, surveillance",PAGE_LIST,https://www.lamaison.fr/bricolage/electricite-domotique-et-securite/camera-alarme-surveillance.html,ui-id-19
ui-id-47,"Domotique, objet connecté",PAGE_LIST,https://www.lamaison.fr/bricolage/electricite-domotique-et-securite/domotique-objet-connecte.html,ui-id-19
ui-id-48,"Accessoire TV, téléphonie, informatique",PAGE_LIST,https://www.lamaison.fr/bricolage/electricite-domotique-et-securite/accessoire-tv-telephonie-informatique.html,ui-id-19
ui-id-20,Plomberie,S_CAT,https://www.lamaison.fr/bricolage/plomberie.html,ui-id-6
ui-id-49,Robinetterie,PAGE_LIST,https://www.lamaison.fr/bricolage/plomberie/robinetterie.html,ui-id-20
ui-id-50,Sanitaire,PAGE_LIST,https://www.lamaison.fr/bricolage/plomberie/sanitaire.html,ui-id-20
ui-id-51,"Chauffe-eau, ballon d'eau chaude",PAGE_LIST,https://www.lamaison.fr/bricolage/plomberie/chauffe-eau-ballon-d-eau-chaude.html,ui-id-20
ui-id-52,"Tube, raccord",PAGE_LIST,https://www.lamaison.fr/bricolage/plomberie/tube-raccord.html,ui-id-20
ui-id-53,"Evacuation, traitement de l'eau",PAGE_LIST,https://www.lamaison.fr/bricolage/plomberie/evacuation-traitement-de-l-eau.html,ui-id-20
ui-id-54,Accessoire d'étanchéité,PAGE_LIST,https://www.lamaison.fr/bricolage/plomberie/accessoire-d-etancheite.html,ui-id-20
ui-id-55,Outil du plombier,PAGE_LIST,https://www.lamaison.fr/bricolage/plomberie/outil-du-plombier.html,ui-id-20
ui-id-21,Chauffage,S_CAT,https://www.lamaison.fr/bricolage/chauffage.html,ui-id-6
ui-id-56,"Chauffage d'appoint, radiateur électrique",PAGE_LIST,https://www.lamaison.fr/bricolage/chauffage/chauffage-d-appoint-radiateur-electrique.html,ui-id-21
ui-id-57,"Cheminée, poêle",PAGE_LIST,https://www.lamaison.fr/bricolage/chauffage/cheminee-poele.html,ui-id-21
ui-id-58,"Allumage, bois de chauffage, granulés",PAGE_LIST,https://www.lamaison.fr/bricolage/chauffage/allumage-bois-de-chauffage-granules.html,ui-id-21
ui-id-59,Entretien cheminée et poêle,PAGE_LIST,https://www.lamaison.fr/bricolage/chauffage/entretien-cheminee-et-poele.html,ui-id-21
ui-id-60,Accessoire cheminée et poêle,PAGE_LIST,https://www.lamaison.fr/bricolage/chauffage/accessoire-cheminee-et-poele.html,ui-id-21
ui-id-61,Climatisation et filtration de l'air,PAGE_LIST,https://www.lamaison.fr/bricolage/chauffage/climatisation-et-filtration-de-l-air.html,ui-id-21
ui-id-22,Quincaillerie,S_CAT,https://www.lamaison.fr/bricolage/quincaillerie.html,ui-id-6
ui-id-62,"Visserie, boulonnerie, clouterie",PAGE_LIST,https://www.lamaison.fr/bricolage/quincaillerie/visserie-boulonnerie-clouterie.html,ui-id-22
ui-id-63,"Cheville, crochet, piton",PAGE_LIST,https://www.lamaison.fr/bricolage/quincaillerie/cheville-crochet-piton.html,ui-id-22
ui-id-64,"Verrou, serrure",PAGE_LIST,https://www.lamaison.fr/bricolage/quincaillerie/verrou-serrure.html,ui-id-22
ui-id-65,"Roue, roulette",PAGE_LIST,https://www.lamaison.fr/bricolage/quincaillerie/roue-roulette.html,ui-id-22
ui-id-66,Quincaillerie de bâtiment,PAGE_LIST,https://www.lamaison.fr/bricolage/quincaillerie/quincaillerie-de-batiment.html,ui-id-22
ui-id-67,Boîte aux lettres et signalétique,PAGE_LIST,https://www.lamaison.fr/bricolage/quincaillerie/boite-aux-lettres-et-signaletique.html,ui-id-22
ui-id-68,Quincaillerie d'ameublement,PAGE_LIST,https://www.lamaison.fr/bricolage/quincaillerie/quincaillerie-d-ameublement.html,ui-id-22
ui-id-69,Arrimage et cordage,PAGE_LIST,https://www.lamaison.fr/bricolage/quincaillerie/arrimage-et-cordage.html,ui-id-22
ui-id-23,Peinture et renovation,S_CAT,https://www.lamaison.fr/bricolage/peinture-et-renovation.html,ui-id-6
ui-id-70,Peinture intérieure,PAGE_LIST,https://www.lamaison.fr/bricolage/peinture-et-renovation/peinture-interieure.html,ui-id-23
ui-id-71,Peinture extérieure,PAGE_LIST,https://www.lamaison.fr/bricolage/peinture-et-renovation/peinture-exterieure.html,ui-id-23
ui-id-72,Rénovation,PAGE_LIST,https://www.lamaison.fr/bricolage/peinture-et-renovation/renovation.html,ui-id-23
ui-id-73,Entretien du bois,PAGE_LIST,https://www.lamaison.fr/bricolage/peinture-et-renovation/entretien-du-bois.html,ui-id-23
ui-id-74,Outil du peintre,PAGE_LIST,https://www.lamaison.fr/bricolage/peinture-et-renovation/outil-du-peintre.html,ui-id-23
ui-id-24,Consommables et accessoires,S_CAT,https://www.lamaison.fr/bricolage/consommables-et-accessoires.html,ui-id-6
ui-id-75,"Foret, lame, disque",PAGE_LIST,https://www.lamaison.fr/bricolage/consommables-et-accessoires/foret-lame-disque.html,ui-id-24
ui-id-76,"Scie cloche, trépan, fraise",PAGE_LIST,https://www.lamaison.fr/bricolage/consommables-et-accessoires/scie-cloche-trepan-fraise.html,ui-id-24
ui-id-77,Embout de vissage,PAGE_LIST,https://www.lamaison.fr/bricolage/consommables-et-accessoires/embout-de-vissage.html,ui-id-24
ui-id-78,"Huile, graisse, lubrifiant",PAGE_LIST,https://www.lamaison.fr/bricolage/consommables-et-accessoires/huile-graisse-lubrifiant.html,ui-id-24
ui-id-79,"Abrasif, brosse",PAGE_LIST,https://www.lamaison.fr/bricolage/consommables-et-accessoires/abrasif-brosse.html,ui-id-24
ui-id-80,"Ruban, adhésif, colle",PAGE_LIST,https://www.lamaison.fr/bricolage/consommables-et-accessoires/ruban-adhesif-colle.html,ui-id-24
ui-id-81,"Silicone, mastic",PAGE_LIST,https://www.lamaison.fr/bricolage/consommables-et-accessoires/silicone-mastic.html,ui-id-24
ui-id-82,"Pile, chargeur, batterie",PAGE_LIST,https://www.lamaison.fr/bricolage/consommables-et-accessoires/pile-chargeur-batterie.html,ui-id-24
ui-id-83,Protection de la personne,PAGE_LIST,https://www.lamaison.fr/bricolage/consommables-et-accessoires/protection-de-la-personne.html,ui-id-24
ui-id-25,Droguerie et entretien de la maison,S_CAT,https://www.lamaison.fr/bricolage/droguerie-et-entretien-de-la-maison.html,ui-id-6
ui-id-84,Entretien de la maison,PAGE_LIST,https://www.lamaison.fr/bricolage/droguerie-et-entretien-de-la-maison/entretien-de-la-maison.html,ui-id-25
ui-id-85,"Gant, lavette, serpillère",PAGE_LIST,https://www.lamaison.fr/bricolage/droguerie-et-entretien-de-la-maison/gant-lavette-serpillere.html,ui-id-25
ui-id-86,"Balai, brosse",PAGE_LIST,https://www.lamaison.fr/bricolage/droguerie-et-entretien-de-la-maison/balai-brosse.html,ui-id-25
ui-id-87,"Contenant, poubelle",PAGE_LIST,https://www.lamaison.fr/bricolage/droguerie-et-entretien-de-la-maison/contenant-poubelle.html,ui-id-25
ui-id-88,Entretien du linge,PAGE_LIST,https://www.lamaison.fr/bricolage/droguerie-et-entretien-de-la-maison/entretien-du-linge.html,ui-id-25
ui-id-89,Produit d'antan,PAGE_LIST,https://www.lamaison.fr/bricolage/droguerie-et-entretien-de-la-maison/produit-d-antan.html,ui-id-25
ui-id-90,Insecticide,PAGE_LIST,https://www.lamaison.fr/bricolage/droguerie-et-entretien-de-la-maison/insecticide.html,ui-id-25
ui-id-91,Produit d'atelier,PAGE_LIST,https://www.lamaison.fr/bricolage/droguerie-et-entretien-de-la-maison/produit-d-atelier.html,ui-id-25
ui-id-26,Rangement,S_CAT,https://www.lamaison.fr/bricolage/rangement.html,ui-id-6
ui-id-92,Etagère et rack,PAGE_LIST,https://www.lamaison.fr/bricolage/rangement/etagere-et-rack.html,ui-id-26
ui-id-93,"Boîte à outils, servante",PAGE_LIST,https://www.lamaison.fr/bricolage/rangement/boite-a-outils-servante.html,ui-id-26
ui-id-94,Emballage et protection,PAGE_LIST,https://www.lamaison.fr/bricolage/rangement/emballage-et-protection.html,ui-id-26
ui-id-7,Matériaux,CAT,https://www.lamaison.fr/materiaux.html,
ui-id-95,Gros oeuvre,S_CAT,https://www.lamaison.fr/materiaux/gros-oeuvre.html,ui-id-7
ui-id-98,Matériaux gros oeuvre,PAGE_LIST,https://www.lamaison.fr/materiaux/gros-oeuvre/materiaux-gros-oeuvre.html,ui-id-95
ui-id-99,Agglo,PAGE_LIST,https://www.lamaison.fr/materiaux/gros-oeuvre/agglo.html,ui-id-95
ui-id-100,Poudre et liant,PAGE_LIST,https://www.lamaison.fr/materiaux/gros-oeuvre/poudre-et-liant.html,ui-id-95
ui-id-101,"Gravier, sable",PAGE_LIST,https://www.lamaison.fr/materiaux/gros-oeuvre/gravier-sable.html,ui-id-95
ui-id-102,Fer à béton,PAGE_LIST,https://www.lamaison.fr/materiaux/gros-oeuvre/fer-a-beton.html,ui-id-95
ui-id-103,Fer laminé,PAGE_LIST,https://www.lamaison.fr/materiaux/gros-oeuvre/fer-lamine.html,ui-id-95
ui-id-104,"Charpente, couverture, bardage",PAGE_LIST,https://www.lamaison.fr/materiaux/gros-oeuvre/charpente-couverture-bardage.html,ui-id-95
ui-id-105,Alimentation eau,PAGE_LIST,https://www.lamaison.fr/materiaux/gros-oeuvre/alimentation-eau.html,ui-id-95
ui-id-106,Assainissement et évacuation des eaux,PAGE_LIST,https://www.lamaison.fr/materiaux/gros-oeuvre/assainissement-et-evacuation-des-eaux.html,ui-id-95
ui-id-107,Equipement de chantier,PAGE_LIST,https://www.lamaison.fr/materiaux/gros-oeuvre/equipement-de-chantier.html,ui-id-95
ui-id-108,Outil du maçon,PAGE_LIST,https://www.lamaison.fr/materiaux/gros-oeuvre/outil-du-macon.html,ui-id-95
ui-id-96,Aménagement intérieur,S_CAT,https://www.lamaison.fr/materiaux/amenagement-interieur.html,ui-id-7
ui-id-109,"Cloison, plafond",PAGE_LIST,https://www.lamaison.fr/materiaux/amenagement-interieur/cloison-plafond.html,ui-id-96
ui-id-110,Panneau de bois,PAGE_LIST,https://www.lamaison.fr/materiaux/amenagement-interieur/panneau-de-bois.html,ui-id-96
ui-id-111,Menuiserie intérieure,PAGE_LIST,https://www.lamaison.fr/materiaux/amenagement-interieur/menuiserie-interieure.html,ui-id-96
ui-id-112,Isolation,PAGE_LIST,https://www.lamaison.fr/materiaux/amenagement-interieur/isolation.html,ui-id-96
ui-id-97,Aménagement extérieur,S_CAT,https://www.lamaison.fr/materiaux/amenagement-exterieur.html,ui-id-7
ui-id-113,Terrasse et sol extérieur,PAGE_LIST,https://www.lamaison.fr/materiaux/amenagement-exterieur/terrasse-et-sol-exterieur.html,ui-id-97
ui-id-114,Galet décoratif,PAGE_LIST,https://www.lamaison.fr/materiaux/amenagement-exterieur/galet-decoratif.html,ui-id-97
ui-id-8,Aménagement intérieur et décoration,CAT,https://www.lamaison.fr/amenagement-interieur-et-decoration.html,
ui-id-115,"Dressing, rangement",S_CAT,https://www.lamaison.fr/amenagement-interieur-et-decoration/dressing-rangement.html,ui-id-8
ui-id-120,Porte de placard,PAGE_LIST,https://www.lamaison.fr/amenagement-interieur-et-decoration/dressing-rangement/porte-de-placard.html,ui-id-115
ui-id-121,"Aménagement placard, dressing",PAGE_LIST,https://www.lamaison.fr/amenagement-interieur-et-decoration/dressing-rangement/amenagement-placard-dressing.html,ui-id-115
ui-id-122,Meuble de rangement,PAGE_LIST,https://www.lamaison.fr/amenagement-interieur-et-decoration/dressing-rangement/meuble-de-rangement.html,ui-id-115
ui-id-123,"Boîte, sac de rangement",PAGE_LIST,https://www.lamaison.fr/amenagement-interieur-et-decoration/dressing-rangement/boite-sac-de-rangement.html,ui-id-115
ui-id-116,Salle de bains et cuisine,S_CAT,https://www.lamaison.fr/amenagement-interieur-et-decoration/salle-de-bains-et-cuisine.html,ui-id-8
ui-id-124,Meuble salle de bain,PAGE_LIST,https://www.lamaison.fr/amenagement-interieur-et-decoration/salle-de-bains-et-cuisine/meuble-salle-de-bain.html,ui-id-116
ui-id-125,"Douche, baignoire",PAGE_LIST,https://www.lamaison.fr/amenagement-interieur-et-decoration/salle-de-bains-et-cuisine/douche-baignoire.html,ui-id-116
ui-id-126,"WC, lave-mains, évier",PAGE_LIST,https://www.lamaison.fr/amenagement-interieur-et-decoration/salle-de-bains-et-cuisine/wc-lave-mains-evier.html,ui-id-116
ui-id-127,Aménagement salle de bain et WC,PAGE_LIST,https://www.lamaison.fr/amenagement-interieur-et-decoration/salle-de-bains-et-cuisine/amenagement-salle-de-bain-et-wc.html,ui-id-116
ui-id-128,Meuble de cuisine,PAGE_LIST,https://www.lamaison.fr/amenagement-interieur-et-decoration/salle-de-bains-et-cuisine/meuble-de-cuisine.html,ui-id-116
ui-id-129,Electroménager,PAGE_LIST,https://www.lamaison.fr/amenagement-interieur-et-decoration/salle-de-bains-et-cuisine/electromenager.html,ui-id-116
ui-id-117,Décoration intérieure,S_CAT,https://www.lamaison.fr/amenagement-interieur-et-decoration/decoration-interieure.html,ui-id-8
ui-id-130,Luminaire,PAGE_LIST,https://www.lamaison.fr/amenagement-interieur-et-decoration/decoration-interieure/luminaire.html,ui-id-117
ui-id-131,Ampoule,PAGE_LIST,https://www.lamaison.fr/amenagement-interieur-et-decoration/decoration-interieure/ampoule.html,ui-id-117
ui-id-132,"Rideau, store",PAGE_LIST,https://www.lamaison.fr/amenagement-interieur-et-decoration/decoration-interieure/rideau-store.html,ui-id-117
ui-id-133,"Coussin, housse",PAGE_LIST,https://www.lamaison.fr/amenagement-interieur-et-decoration/decoration-interieure/coussin-housse.html,ui-id-117
ui-id-134,"Nappe, toile cirée, adhésif",PAGE_LIST,https://www.lamaison.fr/amenagement-interieur-et-decoration/decoration-interieure/nappe-toile-ciree-adhesif.html,ui-id-117
ui-id-135,"Tapis de sol, paillasson",PAGE_LIST,https://www.lamaison.fr/amenagement-interieur-et-decoration/decoration-interieure/tapis-de-sol-paillasson.html,ui-id-117
ui-id-136,Décoration murale,PAGE_LIST,https://www.lamaison.fr/amenagement-interieur-et-decoration/decoration-interieure/decoration-murale.html,ui-id-117
ui-id-118,Revêtement sol et mur,S_CAT,https://www.lamaison.fr/amenagement-interieur-et-decoration/revetement-sol-et-mur.html,ui-id-8
ui-id-137,"Parquet, stratifié",PAGE_LIST,https://www.lamaison.fr/amenagement-interieur-et-decoration/revetement-sol-et-mur/parquet-stratifie.html,ui-id-118
ui-id-138,Sol PVC,PAGE_LIST,https://www.lamaison.fr/amenagement-interieur-et-decoration/revetement-sol-et-mur/sol-pvc.html,ui-id-118
ui-id-139,Papier peint,PAGE_LIST,https://www.lamaison.fr/amenagement-interieur-et-decoration/revetement-sol-et-mur/papier-peint.html,ui-id-118
ui-id-140,"Lambris, briquette, parement",PAGE_LIST,https://www.lamaison.fr/amenagement-interieur-et-decoration/revetement-sol-et-mur/lambris-briquette-parement.html,ui-id-118
ui-id-119,Peinture intérieure et produits de rénovation,S_CAT,https://www.lamaison.fr/amenagement-interieur-et-decoration/peinture-interieure-et-produits-de-renovation.html,ui-id-8
ui-id-141,Peinture intérieure,PAGE_LIST,https://www.lamaison.fr/amenagement-interieur-et-decoration/peinture-interieure-et-produits-de-renovation/peinture-interieure.html,ui-id-119
ui-id-142,Entretien du bois,PAGE_LIST,https://www.lamaison.fr/amenagement-interieur-et-decoration/peinture-interieure-et-produits-de-renovation/entretien-du-bois.html,ui-id-119
ui-id-143,Outils du peintre,PAGE_LIST,https://www.lamaison.fr/amenagement-interieur-et-decoration/peinture-interieure-et-produits-de-renovation/outils-du-peintre.html,ui-id-119
ui-id-9,Jardin et aménagement extérieur,CAT,https://www.lamaison.fr/jardin-et-amenagement-exterieur.html,
ui-id-144,Pépinière,S_CAT,https://www.lamaison.fr/jardin-et-amenagement-exterieur/pepiniere.html,ui-id-9
ui-id-155,Arbre et arbuste,PAGE_LIST,https://www.lamaison.fr/jardin-et-amenagement-exterieur/pepiniere/arbre-et-arbuste.html,ui-id-144
ui-id-156,Plante de haie,PAGE_LIST,https://www.lamaison.fr/jardin-et-amenagement-exterieur/pepiniere/plante-de-haie.html,ui-id-144
ui-id-157,Bambou,PAGE_LIST,https://www.lamaison.fr/jardin-et-amenagement-exterieur/pepiniere/bambou.html,ui-id-144
ui-id-158,Plante climat doux,PAGE_LIST,https://www.lamaison.fr/jardin-et-amenagement-exterieur/pepiniere/plante-climat-doux.html,ui-id-144
ui-id-159,Plante terre de bruyère,PAGE_LIST,https://www.lamaison.fr/jardin-et-amenagement-exterieur/pepiniere/plante-terre-de-bruyere.html,ui-id-144
ui-id-160,Rosier,PAGE_LIST,https://www.lamaison.fr/jardin-et-amenagement-exterieur/pepiniere/rosier.html,ui-id-144
ui-id-161,Plante grimpante,PAGE_LIST,https://www.lamaison.fr/jardin-et-amenagement-exterieur/pepiniere/plante-grimpante.html,ui-id-144
ui-id-162,Sapin de Noël,PAGE_LIST,https://www.lamaison.fr/jardin-et-amenagement-exterieur/pepiniere/sapin-de-noel.html,ui-id-144
ui-id-145,Plante d'extérieur,S_CAT,https://www.lamaison.fr/jardin-et-amenagement-exterieur/plante-d-exterieur.html,ui-id-9
ui-id-163,Plante vivace,PAGE_LIST,https://www.lamaison.fr/jardin-et-amenagement-exterieur/plante-d-exterieur/plante-vivace.html,ui-id-145
ui-id-164,Plante à massif,PAGE_LIST,https://www.lamaison.fr/jardin-et-amenagement-exterieur/plante-d-exterieur/plante-a-massif.html,ui-id-145
ui-id-165,Potée fleurie,PAGE_LIST,https://www.lamaison.fr/jardin-et-amenagement-exterieur/plante-d-exterieur/potee-fleurie.html,ui-id-145
ui-id-146,Potager et verger,S_CAT,https://www.lamaison.fr/jardin-et-amenagement-exterieur/potager-et-verger.html,ui-id-9
ui-id-166,Plant du potager,PAGE_LIST,https://www.lamaison.fr/jardin-et-amenagement-exterieur/potager-et-verger/plant-du-potager.html,ui-id-146
ui-id-167,Plante aromatique,PAGE_LIST,https://www.lamaison.fr/jardin-et-amenagement-exterieur/potager-et-verger/plante-aromatique.html,ui-id-146
ui-id-168,Petit fruit,PAGE_LIST,https://www.lamaison.fr/jardin-et-amenagement-exterieur/potager-et-verger/petit-fruit.html,ui-id-146
ui-id-169,Arbre fruitier,PAGE_LIST,https://www.lamaison.fr/jardin-et-amenagement-exterieur/potager-et-verger/arbre-fruitier.html,ui-id-146
ui-id-147,Semence et bulbe,S_CAT,https://www.lamaison.fr/jardin-et-amenagement-exterieur/semence-et-bulbe.html,ui-id-9
ui-id-170,Semence potagère,PAGE_LIST,https://www.lamaison.fr/jardin-et-amenagement-exterieur/semence-et-bulbe/semence-potagere.html,ui-id-147
ui-id-171,Semence fleur,PAGE_LIST,https://www.lamaison.fr/jardin-et-amenagement-exterieur/semence-et-bulbe/semence-fleur.html,ui-id-147
ui-id-172,Semence gazon,PAGE_LIST,https://www.lamaison.fr/jardin-et-amenagement-exterieur/semence-et-bulbe/semence-gazon.html,ui-id-147
ui-id-173,Semence fourragère et améliorant du sol,PAGE_LIST,https://www.lamaison.fr/jardin-et-amenagement-exterieur/semence-et-bulbe/semence-fourragere-et-ameliorant-du-sol.html,ui-id-147
ui-id-174,Pomme de terre et bulbe potager,PAGE_LIST,https://www.lamaison.fr/jardin-et-amenagement-exterieur/semence-et-bulbe/pomme-de-terre-et-bulbe-potager.html,ui-id-147
ui-id-148,Pot et contenant extérieur,S_CAT,https://www.lamaison.fr/jardin-et-amenagement-exterieur/pot-et-contenant-exterieur.html,ui-id-9
ui-id-175,Bac à fleurs,PAGE_LIST,https://www.lamaison.fr/jardin-et-amenagement-exterieur/pot-et-contenant-exterieur/bac-a-fleurs.html,ui-id-148
ui-id-176,Pot et jardinière plastique,PAGE_LIST,https://www.lamaison.fr/jardin-et-amenagement-exterieur/pot-et-contenant-exterieur/pot-et-jardiniere-plastique.html,ui-id-148
ui-id-177,Poterie et terre cuite,PAGE_LIST,https://www.lamaison.fr/jardin-et-amenagement-exterieur/pot-et-contenant-exterieur/poterie-et-terre-cuite.html,ui-id-148
ui-id-178,Poterie émaillée,PAGE_LIST,https://www.lamaison.fr/jardin-et-amenagement-exterieur/pot-et-contenant-exterieur/poterie-emaillee.html,ui-id-148
ui-id-179,Contenant à réserve d'eau,PAGE_LIST,https://www.lamaison.fr/jardin-et-amenagement-exterieur/pot-et-contenant-exterieur/contenant-a-reserve-d-eau.html,ui-id-148
ui-id-180,"Carré potager, table de culture",PAGE_LIST,https://www.lamaison.fr/jardin-et-amenagement-exterieur/pot-et-contenant-exterieur/carre-potager-table-de-culture.html,ui-id-148
ui-id-149,Produit de soin et entretien,S_CAT,https://www.lamaison.fr/jardin-et-amenagement-exterieur/produit-de-soin-et-entretien.html,ui-id-9
ui-id-181,Engrais,PAGE_LIST,https://www.lamaison.fr/jardin-et-amenagement-exterieur/produit-de-soin-et-entretien/engrais.html,ui-id-149
ui-id-182,Amendement et terreau,PAGE_LIST,https://www.lamaison.fr/jardin-et-amenagement-exterieur/produit-de-soin-et-entretien/amendement-et-terreau.html,ui-id-149
ui-id-183,Paillage,PAGE_LIST,https://www.lamaison.fr/jardin-et-amenagement-exterieur/produit-de-soin-et-entretien/paillage.html,ui-id-149
ui-id-184,Désherbant,PAGE_LIST,https://www.lamaison.fr/jardin-et-amenagement-exterieur/produit-de-soin-et-entretien/desherbant.html,ui-id-149
ui-id-185,Soin et traitement,PAGE_LIST,https://www.lamaison.fr/jardin-et-amenagement-exterieur/produit-de-soin-et-entretien/soin-et-traitement.html,ui-id-149
ui-id-186,Anti-nuisible,PAGE_LIST,https://www.lamaison.fr/jardin-et-amenagement-exterieur/produit-de-soin-et-entretien/anti-nuisible.html,ui-id-149
ui-id-150,Equipement du jardin,S_CAT,https://www.lamaison.fr/jardin-et-amenagement-exterieur/equipement-du-jardin.html,ui-id-9
ui-id-187,Pompe,PAGE_LIST,https://www.lamaison.fr/jardin-et-amenagement-exterieur/equipement-du-jardin/pompe.html,ui-id-150
ui-id-188,Arrosage,PAGE_LIST,https://www.lamaison.fr/jardin-et-amenagement-exterieur/equipement-du-jardin/arrosage.html,ui-id-150
ui-id-189,Récupérateur d'eau,PAGE_LIST,https://www.lamaison.fr/jardin-et-amenagement-exterieur/equipement-du-jardin/recuperateur-d-eau.html,ui-id-150
ui-id-190,"Pulvérisation, accessoires",PAGE_LIST,https://www.lamaison.fr/jardin-et-amenagement-exterieur/equipement-du-jardin/pulverisation-accessoires.html,ui-id-150
ui-id-191,Accessoires semis,PAGE_LIST,https://www.lamaison.fr/jardin-et-amenagement-exterieur/equipement-du-jardin/accessoires-semis.html,ui-id-150
ui-id-192,Composteur,PAGE_LIST,https://www.lamaison.fr/jardin-et-amenagement-exterieur/equipement-du-jardin/composteur.html,ui-id-150
ui-id-193,"Serre, film",PAGE_LIST,https://www.lamaison.fr/jardin-et-amenagement-exterieur/equipement-du-jardin/serre-film.html,ui-id-150
ui-id-194,Panier de récolte,PAGE_LIST,https://www.lamaison.fr/jardin-et-amenagement-exterieur/equipement-du-jardin/panier-de-recolte.html,ui-id-150
ui-id-195,"Brouette, chariot",PAGE_LIST,https://www.lamaison.fr/jardin-et-amenagement-exterieur/equipement-du-jardin/brouette-chariot.html,ui-id-150
ui-id-196,Outils à main du jardinier,PAGE_LIST,https://www.lamaison.fr/jardin-et-amenagement-exterieur/equipement-du-jardin/outils-a-main-du-jardinier.html,ui-id-150
ui-id-151,Motoculture,S_CAT,https://www.lamaison.fr/jardin-et-amenagement-exterieur/motoculture.html,ui-id-9
ui-id-197,"Motoculteur, motobineuse, tarière",PAGE_LIST,https://www.lamaison.fr/jardin-et-amenagement-exterieur/motoculture/motoculteur-motobineuse-tariere.html,ui-id-151
ui-id-198,Scarificateur,PAGE_LIST,https://www.lamaison.fr/jardin-et-amenagement-exterieur/motoculture/scarificateur.html,ui-id-151
ui-id-199,"Tondeuse, autoportée, robot de tonte",PAGE_LIST,https://www.lamaison.fr/jardin-et-amenagement-exterieur/motoculture/tondeuse-autoportee-robot-de-tonte.html,ui-id-151
ui-id-200,Coupe bordure,PAGE_LIST,https://www.lamaison.fr/jardin-et-amenagement-exterieur/motoculture/coupe-bordure.html,ui-id-151
ui-id-201,Taille-haie,PAGE_LIST,https://www.lamaison.fr/jardin-et-amenagement-exterieur/motoculture/taille-haie.html,ui-id-151
ui-id-202,Débroussailleuse,PAGE_LIST,https://www.lamaison.fr/jardin-et-amenagement-exterieur/motoculture/debroussailleuse.html,ui-id-151
ui-id-203,"Aspirateur, souffleur",PAGE_LIST,https://www.lamaison.fr/jardin-et-amenagement-exterieur/motoculture/aspirateur-souffleur.html,ui-id-151
ui-id-204,"Tronçonneuse, élagueuse",PAGE_LIST,https://www.lamaison.fr/jardin-et-amenagement-exterieur/motoculture/tronconneuse-elagueuse.html,ui-id-151
ui-id-205,Broyeur,PAGE_LIST,https://www.lamaison.fr/jardin-et-amenagement-exterieur/motoculture/broyeur.html,ui-id-151
ui-id-206,"Fendeuse à bois, scie à bûche",PAGE_LIST,https://www.lamaison.fr/jardin-et-amenagement-exterieur/motoculture/fendeuse-a-bois-scie-a-buche.html,ui-id-151
ui-id-207,"Huile, consommable et pièce détachée",PAGE_LIST,https://www.lamaison.fr/jardin-et-amenagement-exterieur/motoculture/huile-consommable-et-piece-detachee.html,ui-id-151
ui-id-152,Aménagement extérieur,S_CAT,https://www.lamaison.fr/jardin-et-amenagement-exterieur/amenagement-exterieur.html,ui-id-9
ui-id-208,"Abri, carport",PAGE_LIST,https://www.lamaison.fr/jardin-et-amenagement-exterieur/amenagement-exterieur/abri-carport.html,ui-id-152
ui-id-209,"Clôture, grillage, occultation",PAGE_LIST,https://www.lamaison.fr/jardin-et-amenagement-exterieur/amenagement-exterieur/cloture-grillage-occultation.html,ui-id-152
ui-id-210,"Portail, portillon",PAGE_LIST,https://www.lamaison.fr/jardin-et-amenagement-exterieur/amenagement-exterieur/portail-portillon.html,ui-id-152
ui-id-211,Terrasse et sol extérieur,PAGE_LIST,https://www.lamaison.fr/jardin-et-amenagement-exterieur/amenagement-exterieur/terrasse-et-sol-exterieur.html,ui-id-152
ui-id-212,Eclairage,PAGE_LIST,https://www.lamaison.fr/jardin-et-amenagement-exterieur/amenagement-exterieur/eclairage.html,ui-id-152
ui-id-213,"Chauffage, brumisation",PAGE_LIST,https://www.lamaison.fr/jardin-et-amenagement-exterieur/amenagement-exterieur/chauffage-brumisation.html,ui-id-152
ui-id-153,Plein air,S_CAT,https://www.lamaison.fr/jardin-et-amenagement-exterieur/plein-air.html,ui-id-9
ui-id-214,Mobilier de jardin,PAGE_LIST,https://www.lamaison.fr/jardin-et-amenagement-exterieur/plein-air/mobilier-de-jardin.html,ui-id-153
ui-id-215,Barbecue,PAGE_LIST,https://www.lamaison.fr/jardin-et-amenagement-exterieur/plein-air/barbecue.html,ui-id-153
ui-id-216,Plancha,PAGE_LIST,https://www.lamaison.fr/jardin-et-amenagement-exterieur/plein-air/plancha.html,ui-id-153
ui-id-217,Accessoires et housse,PAGE_LIST,https://www.lamaison.fr/jardin-et-amenagement-exterieur/plein-air/accessoires-et-housse.html,ui-id-153
ui-id-218,"Combustible, allume feu",PAGE_LIST,https://www.lamaison.fr/jardin-et-amenagement-exterieur/plein-air/combustible-allume-feu.html,ui-id-153
ui-id-219,"Piscine, spa",PAGE_LIST,https://www.lamaison.fr/jardin-et-amenagement-exterieur/plein-air/piscine-spa.html,ui-id-153
ui-id-220,Jeu plein air,PAGE_LIST,https://www.lamaison.fr/jardin-et-amenagement-exterieur/plein-air/jeu-plein-air.html,ui-id-153
ui-id-154,Décoration extérieure,S_CAT,https://www.lamaison.fr/jardin-et-amenagement-exterieur/decoration-exterieure.html,ui-id-9
ui-id-221,Décoration du jardin,PAGE_LIST,https://www.lamaison.fr/jardin-et-amenagement-exterieur/decoration-exterieure/decoration-du-jardin.html,ui-id-154
ui-id-222,Bassin,PAGE_LIST,https://www.lamaison.fr/jardin-et-amenagement-exterieur/decoration-exterieure/bassin.html,ui-id-154
ui-id-223,Galet décoratif,PAGE_LIST,https://www.lamaison.fr/jardin-et-amenagement-exterieur/decoration-exterieure/galet-decoratif.html,ui-id-154
ui-id-10,Animalerie,CAT,https://www.lamaison.fr/animalerie.html,
ui-id-224,Chien,S_CAT,https://www.lamaison.fr/animalerie/chien.html,ui-id-10
ui-id-232,Alimentation,PAGE_LIST,https://www.lamaison.fr/animalerie/chien/alimentation.html,ui-id-224
ui-id-233,Friandise,PAGE_LIST,https://www.lamaison.fr/animalerie/chien/friandise.html,ui-id-224
ui-id-234,"Gamelle, distributeur",PAGE_LIST,https://www.lamaison.fr/animalerie/chien/gamelle-distributeur.html,ui-id-224
ui-id-235,Hygiène et soin,PAGE_LIST,https://www.lamaison.fr/animalerie/chien/hygiene-et-soin.html,ui-id-224
ui-id-236,Equipement de toilettage,PAGE_LIST,https://www.lamaison.fr/animalerie/chien/equipement-de-toilettage.html,ui-id-224
ui-id-237,Aide à l'éducation,PAGE_LIST,https://www.lamaison.fr/animalerie/chien/aide-a-l-education.html,ui-id-224
ui-id-238,Jouet et sport,PAGE_LIST,https://www.lamaison.fr/animalerie/chien/jouet-et-sport.html,ui-id-224
ui-id-239,Couchage,PAGE_LIST,https://www.lamaison.fr/animalerie/chien/couchage.html,ui-id-224
ui-id-240,Transport,PAGE_LIST,https://www.lamaison.fr/animalerie/chien/transport.html,ui-id-224
ui-id-241,Habitat,PAGE_LIST,https://www.lamaison.fr/animalerie/chien/habitat.html,ui-id-224
ui-id-242,"Sellerie, vêtement",PAGE_LIST,https://www.lamaison.fr/animalerie/chien/sellerie-vetement.html,ui-id-224
ui-id-225,Chat,S_CAT,https://www.lamaison.fr/animalerie/chat.html,ui-id-10
ui-id-243,Alimentation,PAGE_LIST,https://www.lamaison.fr/animalerie/chat/alimentation.html,ui-id-225
ui-id-244,Friandise,PAGE_LIST,https://www.lamaison.fr/animalerie/chat/friandise.html,ui-id-225
ui-id-245,"Gamelle, distributeur",PAGE_LIST,https://www.lamaison.fr/animalerie/chat/gamelle-distributeur.html,ui-id-225
ui-id-246,"Litière, accessoires",PAGE_LIST,https://www.lamaison.fr/animalerie/chat/litiere-accessoires.html,ui-id-225
ui-id-247,Hygiène et soin,PAGE_LIST,https://www.lamaison.fr/animalerie/chat/hygiene-et-soin.html,ui-id-225
ui-id-248,"Jouet, griffoir, arbre à chat",PAGE_LIST,https://www.lamaison.fr/animalerie/chat/jouet-griffoir-arbre-a-chat.html,ui-id-225
ui-id-249,Couchage,PAGE_LIST,https://www.lamaison.fr/animalerie/chat/couchage.html,ui-id-225
ui-id-250,Transport et chatière,PAGE_LIST,https://www.lamaison.fr/animalerie/chat/transport-et-chatiere.html,ui-id-225
ui-id-251,Sellerie,PAGE_LIST,https://www.lamaison.fr/animalerie/chat/sellerie.html,ui-id-225
ui-id-226,Oiseau de la nature,S_CAT,https://www.lamaison.fr/animalerie/oiseau-de-la-nature.html,ui-id-10
ui-id-252,Alimentation,PAGE_LIST,https://www.lamaison.fr/animalerie/oiseau-de-la-nature/alimentation.html,ui-id-226
ui-id-253,"Habitat, accessoires",PAGE_LIST,https://www.lamaison.fr/animalerie/oiseau-de-la-nature/habitat-accessoires.html,ui-id-226
ui-id-227,Oiseau,S_CAT,https://www.lamaison.fr/animalerie/oiseau.html,ui-id-10
ui-id-254,Alimentation,PAGE_LIST,https://www.lamaison.fr/animalerie/oiseau/alimentation.html,ui-id-227
ui-id-255,Friandise,PAGE_LIST,https://www.lamaison.fr/animalerie/oiseau/friandise.html,ui-id-227
ui-id-256,Hygiène et soin,PAGE_LIST,https://www.lamaison.fr/animalerie/oiseau/hygiene-et-soin.html,ui-id-227
ui-id-257,"Habitat, transport",PAGE_LIST,https://www.lamaison.fr/animalerie/oiseau/habitat-transport.html,ui-id-227
ui-id-258,Jouet,PAGE_LIST,https://www.lamaison.fr/animalerie/oiseau/jouet.html,ui-id-227
ui-id-228,Rongeur,S_CAT,https://www.lamaison.fr/animalerie/rongeur.html,ui-id-10
ui-id-259,Alimentation,PAGE_LIST,https://www.lamaison.fr/animalerie/rongeur/alimentation.html,ui-id-228
ui-id-260,Friandise,PAGE_LIST,https://www.lamaison.fr/animalerie/rongeur/friandise.html,ui-id-228
ui-id-261,Hygiène et soin,PAGE_LIST,https://www.lamaison.fr/animalerie/rongeur/hygiene-et-soin.html,ui-id-228
ui-id-262,"Cage, accessoires",PAGE_LIST,https://www.lamaison.fr/animalerie/rongeur/cage-accessoires.html,ui-id-228
ui-id-229,Poisson,S_CAT,https://www.lamaison.fr/animalerie/poisson.html,ui-id-10
ui-id-263,Alimentation,PAGE_LIST,https://www.lamaison.fr/animalerie/poisson/alimentation.html,ui-id-229
ui-id-264,Aquarium et meuble,PAGE_LIST,https://www.lamaison.fr/animalerie/poisson/aquarium-et-meuble.html,ui-id-229
ui-id-265,"Filtre, chauffage et éclairage",PAGE_LIST,https://www.lamaison.fr/animalerie/poisson/filtre-chauffage-et-eclairage.html,ui-id-229
ui-id-266,Traitement de l'eau,PAGE_LIST,https://www.lamaison.fr/animalerie/poisson/traitement-de-l-eau.html,ui-id-229
ui-id-267,Hygiène et soin,PAGE_LIST,https://www.lamaison.fr/animalerie/poisson/hygiene-et-soin.html,ui-id-229
ui-id-268,"Décoration, accessoires",PAGE_LIST,https://www.lamaison.fr/animalerie/poisson/decoration-accessoires.html,ui-id-229
ui-id-230,Reptile et amphibien,S_CAT,https://www.lamaison.fr/animalerie/reptile-et-amphibien.html,ui-id-10
ui-id-269,Alimentation,PAGE_LIST,https://www.lamaison.fr/animalerie/reptile-et-amphibien/alimentation.html,ui-id-230
ui-id-270,Hygiène et soin,PAGE_LIST,https://www.lamaison.fr/animalerie/reptile-et-amphibien/hygiene-et-soin.html,ui-id-230
ui-id-271,Terrarium,PAGE_LIST,https://www.lamaison.fr/animalerie/reptile-et-amphibien/terrarium.html,ui-id-230
ui-id-272,Aménagement de l'habitat et décoration,PAGE_LIST,https://www.lamaison.fr/animalerie/reptile-et-amphibien/amenagement-de-l-habitat-et-decoration.html,ui-id-230
ui-id-231,"Basse-cour, mouton, chèvre",S_CAT,https://www.lamaison.fr/animalerie/basse-cour-mouton-chevre.html,ui-id-10
ui-id-273,Alimentation,PAGE_LIST,https://www.lamaison.fr/animalerie/basse-cour-mouton-chevre/alimentation.html,ui-id-231
ui-id-274,"Complément alimentaire, friandise",PAGE_LIST,https://www.lamaison.fr/animalerie/basse-cour-mouton-chevre/complement-alimentaire-friandise.html,ui-id-231
ui-id-275,Hygiène et soin,PAGE_LIST,https://www.lamaison.fr/animalerie/basse-cour-mouton-chevre/hygiene-et-soin.html,ui-id-231
ui-id-276,Habitat et transport,PAGE_LIST,https://www.lamaison.fr/animalerie/basse-cour-mouton-chevre/habitat-et-transport.html,ui-id-231
ui-id-277,Couveuse,PAGE_LIST,https://www.lamaison.fr/animalerie/basse-cour-mouton-chevre/couveuse.html,ui-id-231
ui-id-278,"Mangeoire, abreuvoir",PAGE_LIST,https://www.lamaison.fr/animalerie/basse-cour-mouton-chevre/mangeoire-abreuvoir.html,ui-id-231
ui-id-279,Marquage et identification,PAGE_LIST,https://www.lamaison.fr/animalerie/basse-cour-mouton-chevre/marquage-et-identification.html,ui-id-231
ui-id-280,Plumage,PAGE_LIST,https://www.lamaison.fr/animalerie/basse-cour-mouton-chevre/plumage.html,ui-id-231
ui-id-281,"Grillage, clôture",PAGE_LIST,https://www.lamaison.fr/animalerie/basse-cour-mouton-chevre/grillage-cloture.html,ui-id-231
ui-id-11,Activités de loisir,CAT,https://www.lamaison.fr/activites-de-loisir.html,
ui-id-282,Equitation,S_CAT,https://www.lamaison.fr/activites-de-loisir/equitation.html,ui-id-11
ui-id-287,Alimentation équidés,PAGE_LIST,https://www.lamaison.fr/activites-de-loisir/equitation/alimentation-equides.html,ui-id-282
ui-id-288,"Pansage, soin du cheval",PAGE_LIST,https://www.lamaison.fr/activites-de-loisir/equitation/pansage-soin-du-cheval.html,ui-id-282
ui-id-289,Equipement du cavalier,PAGE_LIST,https://www.lamaison.fr/activites-de-loisir/equitation/equipement-du-cavalier.html,ui-id-282
ui-id-290,Equipement du cheval,PAGE_LIST,https://www.lamaison.fr/activites-de-loisir/equitation/equipement-du-cheval.html,ui-id-282
ui-id-291,Equipement de la carrière,PAGE_LIST,https://www.lamaison.fr/activites-de-loisir/equitation/equipement-de-la-carriere.html,ui-id-282
ui-id-292,Matériel d'écurie,PAGE_LIST,https://www.lamaison.fr/activites-de-loisir/equitation/materiel-d-ecurie.html,ui-id-282
ui-id-293,Matériel de prairie,PAGE_LIST,https://www.lamaison.fr/activites-de-loisir/equitation/materiel-de-prairie.html,ui-id-282
ui-id-294,Clôture,PAGE_LIST,https://www.lamaison.fr/activites-de-loisir/equitation/cloture.html,ui-id-282
ui-id-283,Apiculture,S_CAT,https://www.lamaison.fr/activites-de-loisir/apiculture.html,ui-id-11
ui-id-295,Ruche et élément,PAGE_LIST,https://www.lamaison.fr/activites-de-loisir/apiculture/ruche-et-element.html,ui-id-283
ui-id-296,Equipement au rucher,PAGE_LIST,https://www.lamaison.fr/activites-de-loisir/apiculture/equipement-au-rucher.html,ui-id-283
ui-id-297,Cire d'abeille,PAGE_LIST,https://www.lamaison.fr/activites-de-loisir/apiculture/cire-d-abeille.html,ui-id-283
ui-id-298,Miellerie,PAGE_LIST,https://www.lamaison.fr/activites-de-loisir/apiculture/miellerie.html,ui-id-283
ui-id-299,Conditionnement et emballage,PAGE_LIST,https://www.lamaison.fr/activites-de-loisir/apiculture/conditionnement-et-emballage.html,ui-id-283
ui-id-300,Vêtement de l'apiculteur,PAGE_LIST,https://www.lamaison.fr/activites-de-loisir/apiculture/vetement-de-l-apiculteur.html,ui-id-283
ui-id-284,Chasse et pêche,S_CAT,https://www.lamaison.fr/activites-de-loisir/chasse-et-peche.html,ui-id-11
ui-id-301,Equipement du chasseur,PAGE_LIST,https://www.lamaison.fr/activites-de-loisir/chasse-et-peche/equipement-du-chasseur.html,ui-id-284
ui-id-302,Pêche à pied,PAGE_LIST,https://www.lamaison.fr/activites-de-loisir/chasse-et-peche/peche-a-pied.html,ui-id-284
ui-id-303,Pêche en mer,PAGE_LIST,https://www.lamaison.fr/activites-de-loisir/chasse-et-peche/peche-en-mer.html,ui-id-284
ui-id-304,Pêche en eau douce,PAGE_LIST,https://www.lamaison.fr/activites-de-loisir/chasse-et-peche/peche-en-eau-douce.html,ui-id-284
ui-id-305,Equipement du pêcheur,PAGE_LIST,https://www.lamaison.fr/activites-de-loisir/chasse-et-peche/equipement-du-pecheur.html,ui-id-284
ui-id-285,Outdoor,S_CAT,https://www.lamaison.fr/activites-de-loisir/outdoor.html,ui-id-11
ui-id-306,Météorologie,PAGE_LIST,https://www.lamaison.fr/activites-de-loisir/outdoor/meteorologie.html,ui-id-285
ui-id-307,"Observation, orientation",PAGE_LIST,https://www.lamaison.fr/activites-de-loisir/outdoor/observation-orientation.html,ui-id-285
ui-id-308,"Bivouac, pique-nique",PAGE_LIST,https://www.lamaison.fr/activites-de-loisir/outdoor/bivouac-pique-nique.html,ui-id-285
ui-id-309,Coutellerie,PAGE_LIST,https://www.lamaison.fr/activites-de-loisir/outdoor/coutellerie.html,ui-id-285
ui-id-286,Jouet et jeu,S_CAT,https://www.lamaison.fr/activites-de-loisir/jouet-et-jeu.html,ui-id-11
ui-id-310,Jouet miniature,PAGE_LIST,https://www.lamaison.fr/activites-de-loisir/jouet-et-jeu/jouet-miniature.html,ui-id-286
ui-id-311,Jouet à pédale,PAGE_LIST,https://www.lamaison.fr/activites-de-loisir/jouet-et-jeu/jouet-a-pedale.html,ui-id-286
ui-id-312,Jeu plein air,PAGE_LIST,https://www.lamaison.fr/activites-de-loisir/jouet-et-jeu/jeu-plein-air.html,ui-id-286
ui-id-313,Jeu de société,PAGE_LIST,https://www.lamaison.fr/activites-de-loisir/jouet-et-jeu/jeu-de-societe.html,ui-id-286
ui-id-12,Habillement et protection,CAT,https://www.lamaison.fr/habillement-et-protection.html,
ui-id-314,Vêtement,S_CAT,https://www.lamaison.fr/habillement-et-protection/vetement.html,ui-id-12
ui-id-316,Vêtement de travail,PAGE_LIST,https://www.lamaison.fr/habillement-et-protection/vetement/vetement-de-travail.html,ui-id-314
ui-id-317,Vêtements de pluie,PAGE_LIST,https://www.lamaison.fr/habillement-et-protection/vetement/vetements-de-pluie.html,ui-id-314
ui-id-318,EPI équipement de protection,PAGE_LIST,https://www.lamaison.fr/habillement-et-protection/vetement/epi-equipement-de-protection.html,ui-id-314
ui-id-319,Gant,PAGE_LIST,https://www.lamaison.fr/habillement-et-protection/vetement/gant.html,ui-id-314
ui-id-320,"Bonnet, casquette, chapeau",PAGE_LIST,https://www.lamaison.fr/habillement-et-protection/vetement/bonnet-casquette-chapeau.html,ui-id-314
ui-id-315,Chaussant,S_CAT,https://www.lamaison.fr/habillement-et-protection/chaussant.html,ui-id-12
ui-id-321,Chaussette,PAGE_LIST,https://www.lamaison.fr/habillement-et-protection/chaussant/chaussette.html,ui-id-315
ui-id-322,Chaussure,PAGE_LIST,https://www.lamaison.fr/habillement-et-protection/chaussant/chaussure.html,ui-id-315
ui-id-323,Botte,PAGE_LIST,https://www.lamaison.fr/habillement-et-protection/chaussant/botte.html,ui-id-315
ui-id-324,Cordonnerie,PAGE_LIST,https://www.lamaison.fr/habillement-et-protection/chaussant/cordonnerie.html,ui-id-315
ui-id-325,"Sabot, pantoufle",PAGE_LIST,https://www.lamaison.fr/habillement-et-protection/chaussant/sabot-pantoufle.html,ui-id-315
ui-id-13,Cuisine et cave,CAT,https://www.lamaison.fr/cuisine-et-cave.html,
ui-id-326,Cuisine et épicerie,S_CAT,https://www.lamaison.fr/cuisine-et-cave/cuisine-et-epicerie.html,ui-id-13
ui-id-329,Cuisson,PAGE_LIST,https://www.lamaison.fr/cuisine-et-cave/cuisine-et-epicerie/cuisson.html,ui-id-326
ui-id-330,"Préparation culinaire, ustensile",PAGE_LIST,https://www.lamaison.fr/cuisine-et-cave/cuisine-et-epicerie/preparation-culinaire-ustensile.html,ui-id-326
ui-id-331,"Epicerie, confiserie",PAGE_LIST,https://www.lamaison.fr/cuisine-et-cave/cuisine-et-epicerie/epicerie-confiserie.html,ui-id-326
ui-id-327,Conservation,S_CAT,https://www.lamaison.fr/cuisine-et-cave/conservation.html,ui-id-13
ui-id-332,"Bocal, boîte, terrine",PAGE_LIST,https://www.lamaison.fr/cuisine-et-cave/conservation/bocal-boite-terrine.html,ui-id-327
ui-id-333,"Stérilisation, conservation",PAGE_LIST,https://www.lamaison.fr/cuisine-et-cave/conservation/sterilisation-conservation.html,ui-id-327
ui-id-334,Emballage alimentaire,PAGE_LIST,https://www.lamaison.fr/cuisine-et-cave/conservation/emballage-alimentaire.html,ui-id-327
ui-id-328,Cave et mise en bouteille,S_CAT,https://www.lamaison.fr/cuisine-et-cave/cave-et-mise-en-bouteille.html,ui-id-13
ui-id-335,Cave,PAGE_LIST,https://www.lamaison.fr/cuisine-et-cave/cave-et-mise-en-bouteille/cave.html,ui-id-328
ui-id-336,Mise en bouteille,PAGE_LIST,https://www.lamaison.fr/cuisine-et-cave/cave-et-mise-en-bouteille/mise-en-bouteille.html,ui-id-328
ui-id-14,Boutique décoration et cadeau,CAT,https://www.lamaison.fr/boutique-decoration-et-cadeau.html,
ui-id-337,Boutique cadeau,S_CAT,https://www.lamaison.fr/boutique-decoration-et-cadeau/boutique-cadeau.html,ui-id-14
ui-id-342,Objet de décoration à poser,PAGE_LIST,https://www.lamaison.fr/boutique-decoration-et-cadeau/boutique-cadeau/objet-de-decoration-a-poser.html,ui-id-337
ui-id-343,Décoration murale,PAGE_LIST,https://www.lamaison.fr/boutique-decoration-et-cadeau/boutique-cadeau/decoration-murale.html,ui-id-337
ui-id-344,Décoration florale,PAGE_LIST,https://www.lamaison.fr/boutique-decoration-et-cadeau/boutique-cadeau/decoration-florale.html,ui-id-337
ui-id-345,"Coussin, plaid",PAGE_LIST,https://www.lamaison.fr/boutique-decoration-et-cadeau/boutique-cadeau/coussin-plaid.html,ui-id-337
ui-id-346,Mobilier,PAGE_LIST,https://www.lamaison.fr/boutique-decoration-et-cadeau/boutique-cadeau/mobilier.html,ui-id-337
ui-id-347,"Bougie, senteur",PAGE_LIST,https://www.lamaison.fr/boutique-decoration-et-cadeau/boutique-cadeau/bougie-senteur.html,ui-id-337
ui-id-348,Bien-être,PAGE_LIST,https://www.lamaison.fr/boutique-decoration-et-cadeau/boutique-cadeau/bien-etre.html,ui-id-337
ui-id-349,Décoration de Noël,PAGE_LIST,https://www.lamaison.fr/boutique-decoration-et-cadeau/boutique-cadeau/decoration-de-noel.html,ui-id-337
ui-id-338,Plante d'intérieur,S_CAT,https://www.lamaison.fr/boutique-decoration-et-cadeau/plante-d-interieur.html,ui-id-14
ui-id-350,Plante verte,PAGE_LIST,https://www.lamaison.fr/boutique-decoration-et-cadeau/plante-d-interieur/plante-verte.html,ui-id-338
ui-id-351,Terrarium,PAGE_LIST,https://www.lamaison.fr/boutique-decoration-et-cadeau/plante-d-interieur/terrarium.html,ui-id-338
ui-id-352,"Plante fleurie, composition",PAGE_LIST,https://www.lamaison.fr/boutique-decoration-et-cadeau/plante-d-interieur/plante-fleurie-composition.html,ui-id-338
ui-id-353,"Fleur séchée, stabilisée",PAGE_LIST,https://www.lamaison.fr/boutique-decoration-et-cadeau/plante-d-interieur/fleur-sechee-stabilisee.html,ui-id-338
ui-id-354,Plante artificielle décoration,PAGE_LIST,https://www.lamaison.fr/boutique-decoration-et-cadeau/plante-d-interieur/plante-artificielle-decoration.html,ui-id-338
ui-id-339,Pot et contenant intérieur,S_CAT,https://www.lamaison.fr/boutique-decoration-et-cadeau/pot-et-contenant-interieur.html,ui-id-14
ui-id-355,"Pot, cache pot",PAGE_LIST,https://www.lamaison.fr/boutique-decoration-et-cadeau/pot-et-contenant-interieur/pot-cache-pot.html,ui-id-339
ui-id-356,Contenant à réserve d'eau,PAGE_LIST,https://www.lamaison.fr/boutique-decoration-et-cadeau/pot-et-contenant-interieur/contenant-a-reserve-d-eau.html,ui-id-339
ui-id-357,Accessoires,PAGE_LIST,https://www.lamaison.fr/boutique-decoration-et-cadeau/pot-et-contenant-interieur/accessoires.html,ui-id-339
ui-id-358,"Vase, pot",PAGE_LIST,https://www.lamaison.fr/boutique-decoration-et-cadeau/pot-et-contenant-interieur/vase-pot.html,ui-id-339
ui-id-359,"Support contenant, accessoires",PAGE_LIST,https://www.lamaison.fr/boutique-decoration-et-cadeau/pot-et-contenant-interieur/support-contenant-accessoires.html,ui-id-339
ui-id-340,Librairie et multimédia,S_CAT,https://www.lamaison.fr/boutique-decoration-et-cadeau/librairie-et-multimedia.html,ui-id-14
ui-id-360,Livre,PAGE_LIST,https://www.lamaison.fr/boutique-decoration-et-cadeau/librairie-et-multimedia/livre.html,ui-id-340
ui-id-361,Calendrier,PAGE_LIST,https://www.lamaison.fr/boutique-decoration-et-cadeau/librairie-et-multimedia/calendrier.html,ui-id-340
ui-id-341,Papeterie et beaux arts,S_CAT,https://www.lamaison.fr/boutique-decoration-et-cadeau/papeterie-et-beaux-arts.html,ui-id-14
ui-id-362,"Papeterie, beaux arts",PAGE_LIST,https://www.lamaison.fr/boutique-decoration-et-cadeau/papeterie-et-beaux-arts/papeterie-beaux-arts.html,ui-id-341
ui-id-15,Accessoires Auto et vélo,CAT,https://www.lamaison.fr/accessoires-auto-et-velo.html,
ui-id-363,Auto,S_CAT,https://www.lamaison.fr/accessoires-auto-et-velo/auto.html,ui-id-15
ui-id-365,Batterie,PAGE_LIST,https://www.lamaison.fr/accessoires-auto-et-velo/auto/batterie.html,ui-id-363
ui-id-366,"Huile, filtration",PAGE_LIST,https://www.lamaison.fr/accessoires-auto-et-velo/auto/huile-filtration.html,ui-id-363
ui-id-367,Pneu,PAGE_LIST,https://www.lamaison.fr/accessoires-auto-et-velo/auto/pneu.html,ui-id-363
ui-id-368,Remorque,PAGE_LIST,https://www.lamaison.fr/accessoires-auto-et-velo/auto/remorque.html,ui-id-363
ui-id-369,"Signalisation, éclairage",PAGE_LIST,https://www.lamaison.fr/accessoires-auto-et-velo/auto/signalisation-eclairage.html,ui-id-363
ui-id-370,Entretien,PAGE_LIST,https://www.lamaison.fr/accessoires-auto-et-velo/auto/entretien.html,ui-id-363
ui-id-371,Equipement habitacle,PAGE_LIST,https://www.lamaison.fr/accessoires-auto-et-velo/auto/equipement-habitacle.html,ui-id-363
ui-id-372,Outillage du mécanicien,PAGE_LIST,https://www.lamaison.fr/accessoires-auto-et-velo/auto/outillage-du-mecanicien.html,ui-id-363
ui-id-364,Vélo,S_CAT,https://www.lamaison.fr/accessoires-auto-et-velo/velo.html,ui-id-15
ui-id-373,"Pneu, chambre à air",PAGE_LIST,https://www.lamaison.fr/accessoires-auto-et-velo/velo/pneu-chambre-a-air.html,ui-id-364
ui-id-374,"Entretien, réparation",PAGE_LIST,https://www.lamaison.fr/accessoires-auto-et-velo/velo/entretien-reparation.html,ui-id-364
ui-id-375,Equipement du vélo,PAGE_LIST,https://www.lamaison.fr/accessoires-auto-et-velo/velo/equipement-du-velo.html,ui-id-364
ui-id-376,Accessoire du cycliste,PAGE_LIST,https://www.lamaison.fr/accessoires-auto-et-velo/velo/accessoire-du-cycliste.html,ui-id-364
ui-id-16,Chalet,CAT,https://www.lamaison.fr/chalet-3.html,
ui-id-377,Sélection cadeaux,S_CAT,https://www.lamaison.fr/chalet/selection-cadeaux-3.html,ui-id-16
ui-id-378,Idées cadeaux,PAGE_LIST,https://www.lamaison.fr/chalet/selection-cadeaux/idees-cadeaux-3.html,ui-id-377
ui-id-379,Culinaire,PAGE_LIST,https://www.lamaison.fr/chalet/selection-cadeaux/culinaire-3.html,ui-id-377
ui-id-380,Electroportatif,PAGE_LIST,https://www.lamaison.fr/chalet/selection-cadeaux/electroportatif-3.html,ui-id-377
ui-id-381,Jouets,PAGE_LIST,https://www.lamaison.fr/chalet/selection-cadeaux/jouets-3.html,ui-id-377
ui-id-385,Les Bonnes affair€s,PAGE_LIST,https://www.lamaison.fr/les-bonnes-affaires.html,
